Fish,Allele 1,Allele 2,Allele 3,Allele 4
Hogan A1,1,3,6,
Hogan A2,3,1,,
Hogan A3,4,,,
Hogan A4,2,7,4,
Hogan A5,5,3,,
Hogan A6,1,8,9,
Hogan A7,1,10,,
Hogan A8,4,5,,
Hogan A9,4,,,
Hogan A10,4,5,,
Hogan A11,1,4,,
Hogan A12,1,9,11,43
Hogan B1,4,,,
Hogan B2,4,44,,
Hogan B3,4,,,
Hogan B4,4,,,
Hogan B5,4,,,
Hogan B6,4,,,
Hogan B7,4,10,,
Hogan B8,4,,,
Hogan C2,3,43,,
Simcoe C1,10,,,
Simcoe C2,10,,,
Simcoe C3,7,4,10,
Simcoe C4,4,10,,
Simcoe C5,10,4,,
Simcoe C6,1,5,,
Simcoe C7,3,,,
Simcoe C8,7,4,,
Simcoe C9,7,,,
Simcoe C10,11,9,,
Simcoe C11,4,7,,
Simcoe C12,4,,,
Simcoe D1,5,,,
Simcoe D2,4,7,,
Simcoe D3,4,33,,
Simcoe D4,4,11,,
Simcoe D5,5,7,,
Simcoe D6,7,,,
Simcoe D7,1,4,9,45
Simcoe D8,4,5,,
Crystal A2,3,12,5,
Crystal A3,4,15,,
Crystal A4,4,12,9,
Crystal A5,3,,,
Crystal A6,14,13,,
Crystal A7,4,17,8,
Crystal A8,4,10,,
Crystal A9,1,4,,
Crystal A10,5,14,16,
Crystal A11,8,3,4,
Crystal A12,12,46,,
Crystal B1,4,47,,
Crystal B2,4,7,17,
Crystal B3,4,5,10,
Crystal B4,3,4,8,
Crystal B5,1,4,,
Crystal B6,1,4,,
Crystal B7,4,5,7,
Crystal B8,4,7,,
Crystal B9,4,9,31,
Michipicoten C12,7,4,3,
Michipicoten D1,18,1,,
Michipicoten D2,4,11,,
Michipicoten D3,4,7,,
Michipicoten D4,4,8,,
Michipicoten D5,4,3,,
Michipicoten D6,4,3,,
Michipicoten D7,5,1,7,4
Michipicoten D8,4,8,,
Michipicoten D9,4,,,
Michipicoten D10,3,4,5,
Michipicoten D11,7,,,
Michipicoten D12,4,5,14,
Michipicoten E1,4,5,,
Michipicoten E2,4,9,,
Michipicoten E3,4,46,,
Michipicoten E4,1,4,,
Michipicoten E5,47,,,
Michipicoten E6,7,,,
Michipicoten E7,3,4,7,
Opeongo A9,21,5,,
Opeongo A10,4,1,,
Opeongo A11,21,5,,
Opeongo A12,5,19,,
Opeongo B1,23,20,,
Opeongo B2,4,5,22,
Opeongo B3,2,4,5,
Opeongo B4,5,21,4,
Opeongo B5,5,4,2,
Opeongo B6,24,2,,
Opeongo B7,1,4,5,
Opeongo C9,4,5,,
Opeongo C10,48,,,
Opeongo C11,5,14,,
Opeongo C12,5,48,,
Opeongo D2,4,5,9,
Opeongo D3,2,4,5,11
Opeongo D4,5,,,
Opeongo D5,2,4,5,20
Opeongo D6,5,48,49,
Slate A1,4,8,27,
Slate A2,4,1,,
Slate A3,7,14,4,
Slate A4,4,1,,
Slate A5,4,,,
Slate A6,4,5,27,
Slate A7,4,27,,
Slate A8,4,26,,
Slate A10,4,25,,
Slate A11,4,7,27,
Slate A12,4,5,27,
Slate B1,4,27,,
Slate B2,4,,,
Slate B3,1,4,20,
Slate B4,4,53,,
Slate B5,33,47,52,
Slate B6,4,50,51,
Slate B8,3,4,14,27
Slate B7,3,4,5,53
Dickey A1,1,20,,
Dickey A2,5,20,,
Dickey A3,27,28,29,
Dickey A11,5,30,,
Dickey B1,4,10,,
Dickey B2,20,,,
Dickey B3,4,20,27,
Dickey B4,4,20,31,
Dickey G7,4,27,,
Dickey G8,20,,,
Dickey G9,20,54,,
Dickey G10,5,32,,
Dickey G11,5,7,,
Dickey G12,1,4,5,
Dickey H2,4,56,,
Dickey H3,4,5,,
Dickey H4,1,5,,
Dickey H5,4,20,45,
Dickey H6,4,53,55,
Dickey H7,1,5,,
Manitou D1,4,20,,
Manitou D2,32,57,,
Manitou D3,20,32,,
Manitou D4,4,20,32,
Manitou D5,4,32,,
Manitou D6,4,32,,
Manitou D7,43,54,,
Manitou D8,4,20,,
Manitou D9,5,57,,
Manitou D10,4,31,,
Manitou D11,33,34,,
Manitou D12,27,,,
Manitou E1,4,5,32,
Manitou E2,5,7,,
Manitou E3,3,10,,
Manitou E4,4,5,32,
Manitou E5,7,27,31,35
Manitou E6,4,27,31,
Manitou E7,32,,,
Manitou E8,2,8,31,
Kingscote C1,5,,,
Kingscote C2,37,,,
Kingscote C4,20,,,
Kingscote C5,20,36,,
Kingscote C6,5,8,20,
Kingscote C7,5,8,38,
Kingscote C8,1,8,,
Kingscote C9,8,,,
Kingscote C10,20,,,
Kingscote C11,4,5,20,
Kingscote C12,8,20,,
Kingscote D1,5,8,,
Kingscote D2,5,8,,
Kingscote D3,8,,,
Kingscote D4,8,57,,
Kingscote D5,8,20,,
Kingscote D7,5,20,,
Kingscote D8,5,8,,
Macdonald F1,20,40,,
Macdonald F2,39,42,,
Macdonald F3,4,20,,
Macdonald F4,39,40,,
Macdonald F6,39,40,,
Macdonald F7,40,,,
Macdonald F8,39,40,,
Macdonald F9,39,,,
Macdonald F10,5,,,
Macdonald F11,20,39,40,
Macdonald F12,20,40,,
Macdonald G1,39,40,,
Macdonald G2,40,57,,
Macdonald G3,57,,,
Macdonald G4,57,,,
Macdonald G5,57,,,
Macdonald G6,4,40,57,
Macdonald G7,57,,,
Macdonald G8,39,57,,
Seneca E7,4,,,
Seneca E8,14,,,
Seneca E9,14,40,,
Seneca E10,14,40,,
Seneca E11,1,4,32,
Seneca E12,40,,,
Seneca F1,4,14,40,
Seneca F2,4,32,,
Seneca F3,11,32,39,
Seneca F4,32,41,,
Seneca F6,40,,,
Seneca F7,14,,,
Seneca F8,32,,,
Seneca F9,32,40,,
Seneca G1,14,54,,
Seneca G2,4,5,40,
Seneca G3,14,20,39,
Seneca G5,57,,,
